Barcode,Cluster
AAACGAATCAAAGCCT-1,5
AAACGCTGTAATGTGA-1,3
AAACGCTGTCCTGGGT-1,6
AAAGAACCAGGACATG-1,1
AAAGGTACACACGGTC-1,6
AAAGTCCAGTCACTAC-1,1
AAAGTCCGTGACTGTT-1,5
AAAGTCCTCCAGCCTT-1,2
AAAGTGAGTTCCTAAG-1,1
AAAGTGATCAGTGGGA-1,3
AAATGGAGTAGCGTCC-1,5
AACAAAGGTGTGAGCA-1,2
AACAACCCAGAGGCTA-1,5
AACAACCCATGTGACT-1,1
AACAACCGTACTCGCG-1,4
AACAAGAAGAGGTTAT-1,5
AACACACAGTGCTAGG-1,2
AACACACGTTACGATC-1,4
AACAGGGTCAATCCGA-1,3
AACCAACAGAGAGTGA-1,5
AACCAACAGAGATTCA-1,1
AACCAACAGATAACGT-1,5
AACCAACTCCCTCAAC-1,4
AACCATGTCTTCGGAA-1,1
AACCCAACACCGGAAA-1,2
AACCTTTAGCCATTCA-1,2
AACCTTTAGTTTAGGA-1,1
AACCTTTCAGGTACGA-1,5
AACCTTTCATCTCATT-1,2
AACGTCAGTCGCACGT-1,3
AAGACAAAGACATCCT-1,5
AAGACAAAGAGGTGCT-1,2
AAGACTCCAGAGTAAT-1,1
AAGATAGTCGCGTGAC-1,2
AAGATAGTCTACACTT-1,1
AAGCATCCAGCGGTCT-1,5
AAGCATCTCAAGCTGT-1,2
AAGCCATGTTCGTGCG-1,3
AAGCGAGCACCGTGCA-1,3
AAGCGTTAGAGGTATT-1,3
AAGCGTTTCGGACGTC-1,5
AAGGAATAGATCCCAT-1,6
AAGGAATAGGCGAAGG-1,2
AAGGTAACATGACTGT-1,1
AAGGTAAGTAGACACG-1,1
AAGTACCTCCCTAGGG-1,2
AAGTACCTCTAAGAAG-1,1
AAGTGAAAGGAACTCG-1,2
AAGTGAATCCTCAGAA-1,1
AAGTTCGTCACTTCTA-1,2
AATCACGAGGAGATAG-1,1
AATCGACCACCGGAAA-1,2
AATCGTGCAGTCAGAG-1,6
AATCGTGGTGAGCCAA-1,2
AATCGTGGTGGTACAG-1,3
AATGAAGCAATACAGA-1,5
AATGACCAGACGCCCT-1,6
AATGACCAGGTAAACT-1,2
AATGACCCAGACAAGC-1,2
AATGACCTCAGCTGAT-1,1
AATGCCAAGAGCCCAA-1,4
AATGGCTCAACCGTGC-1,5
AATGGCTGTCAGGAGT-1,3
AATTCCTGTACGGCAA-1,1
AATTTCCGTTCGAAGG-1,2
ACAAAGACATGGGTTT-1,2
ACAACCAGTCCTCAGG-1,2
ACAACCAGTGGCGTAA-1,2
ACAACCATCATCGCTC-1,1
ACAAGCTAGTAAGCAT-1,1
ACAAGCTCAGGCCTGT-1,3
ACAAGCTTCATTGAGC-1,1
ACAAGCTTCTACCACC-1,1
ACACAGTAGGCCACCT-1,3
ACACAGTCACACACGC-1,2
ACACAGTCACGGCGTT-1,1
ACACCAATCGAGCACC-1,1
ACACGCGAGGGAGGAC-1,6
ACACGCGCAGCAGATG-1,4
ACACGCGGTCAACCAT-1,2
ACAGAAAAGCTAGAGC-1,1
ACAGCCGCAGAGACTG-1,3
ACAGCCGCATCCAACA-1,3
ACAGGGAGTGATACAA-1,1
ACATCGAAGACGACGT-1,3
ACATCGAGTCACCTTC-1,2
ACATGCAGTCAAGCCC-1,3
ACATGCATCGTAACTG-1,2
ACCAAACCATTGGGAG-1,1
ACCAAACTCAGAGCGA-1,4
ACCAACAAGAGCCTGA-1,4
ACCAACACATCTAGAC-1,1
ACCACAACACAGCTTA-1,6
ACCATTTAGACGCATG-1,1
ACCATTTGTAATCAAG-1,5
ACCCAAACACTTGACA-1,3
ACCCAAATCGCTGACG-1,3
ACCCTTGAGTACTCGT-1,2
ACCCTTGCACCGGTCA-1,2
ACCGTTCCAAGCGATG-1,1
ACCTACCAGAAACTGT-1,1
ACCTACCCAGATCCAT-1,2
ACCTACCCAGTCGTTA-1,1
ACCTGAAGTAGGCAAC-1,4
ACGATCACACCAACAT-1,1
ACGCACGCAAGAGATT-1,4
ACGCACGGTCAATGGG-1,4
ACGGAAGTCAAGAATG-1,4
ACGGGTCTCGCTCTAC-1,3
ACGGTCGAGTGTAGAT-1,2
ACGGTCGAGTTGCGCC-1,1
ACGGTTACAGCGGTTC-1,2
ACGGTTATCTACACTT-1,1
ACGTAACAGCGTCAAG-1,1
ACGTACAGTATAATGG-1,1
ACGTAGTAGGCGTTGA-1,1
ACGTAGTCATCATGAC-1,1
ACGTTCCTCCAACTGA-1,1
ACTACGAAGGTTGGTG-1,2
ACTATCTCAGGTACGA-1,3
ACTATCTTCAACTACG-1,1
ACTATGGAGGCACAAC-1,3
ACTCCCAAGGGCGAAG-1,1
ACTCCCAGTAGATCGG-1,1
ACTCCCATCGTGTTCC-1,5
ACTCTCGCACAATGTC-1,3
ACTGCAAAGGCTAACG-1,5
ACTGCAACAGTCCCGA-1,3
ACTGCAAGTCGTGTTA-1,1
ACTGTCCCAGTTGCGC-1,2
ACTGTCCGTCACCCTT-1,2
ACTGTGAAGAAGTCAT-1,5
ACTTAGGAGCGCCTTG-1,2
ACTTAGGGTATCGTAC-1,1
ACTTAGGGTTGTGCCG-1,5
ACTTAGGTCTGAGAAA-1,1
ACTTATCCACAAGTTC-1,3
ACTTCCGAGGGTGGGA-1,3
ACTTCGCAGGGCTTCC-1,1
ACTTCGCCAAGACCGA-1,5
ACTTCGCCACGTAACT-1,3
ACTTTCATCTCCGCAT-1,5
ACTTTGTCAAGCAGGT-1,6
ACTTTGTGTAGTCACT-1,2
ACTTTGTGTCTGTGCG-1,5
AGAACAAGTCCGAAGA-1,1
AGAAGTACAAGTACCT-1,1
AGAAGTACACACCTGG-1,6
AGACAAACAAAGAACT-1,6
AGACAAATCCGGCAGT-1,5
AGACACTCATGAGATA-1,2
AGACACTGTACAGAGC-1,6
AGACCATCACCTGCGA-1,3
AGACCCGAGCAACCAG-1,1
AGACCCGCACGTCATA-1,5
AGACCCGTCGCCTTTG-1,6
AGACTCATCATTACTC-1,4
AGAGAATAGAGGTGCT-1,6
AGAGAATAGCAACCAG-1,1
AGAGAGCAGGTCATAA-1,1
AGAGAGCCACGACAGA-1,3
AGAGAGCGTTACCCAA-1,5
AGAGCAGTCTCACTCG-1,3
AGAGCCCAGGTCGAGT-1,6
AGAGCCCTCCTACCGT-1,1
AGATCCAGTCGTGTTA-1,1
AGATGAATCTCCGTGT-1,1
AGATGCTAGGTTGAGC-1,1
AGATGCTAGTTAACGA-1,4
AGATGCTTCAGCGCAC-1,1
AGCATCAAGTTAACGA-1,6
AGCCAATCAAATCAAG-1,2
AGCCAATCACTTCATT-1,5
AGCCACGAGGTACCTT-1,1
AGCCACGGTATTAAGG-1,1
AGCCAGCTCCACAAGT-1,5
AGCGCTGGTGTAAACA-1,2
AGCGTATGTCTGGTTA-1,1
AGCGTCGCACCTCTGT-1,1
AGCTACAAGCATAGGC-1,2
AGCTACAGTAACTTCG-1,2
AGCTTCCTCTCCCATG-1,2
AGGAAATAGTCTAGCT-1,2
AGGAAATTCGTCTAAG-1,6
AGGAATATCTTGCAGA-1,1
AGGACTTCATTGACAC-1,3
AGGACTTGTAGTCTTG-1,1
AGGAGGTCAAATGAGT-1,4
AGGATAAAGCTAGTTC-1,4
AGGCATTCAGCCCACA-1,7
AGGGAGTTCGCCACTT-1,3
AGGGCCTGTAACGATA-1,6
AGGGCTCCAGTTGAAA-1,6
AGGGCTCGTATCACCA-1,2
AGGGCTCGTGAAAGTT-1,3
AGGGCTCTCGGTCGGT-1,3
AGGGTCCTCGGTGTAT-1,2
AGGGTCCTCTGACCCT-1,6
AGGGTTTGTCATCGGC-1,1
AGGGTTTTCCTACGGG-1,5
AGGTAGGAGGCAGTCA-1,1
AGGTAGGCATGTGGCC-1,1
AGGTCATTCCGTGTGG-1,3
AGGTCATTCTTAGCAG-1,1
AGGTCTAAGGCAATGC-1,3
AGGTGTTCAACCCTCT-1,1
AGGTGTTTCATGAGGG-1,2
AGGTTACCAATGCAAA-1,6
AGGTTGTCAGCGTACC-1,4
AGGTTGTGTCCCTCAT-1,6
AGTAACCAGTTATGGA-1,2
AGTAACCGTCACTTAG-1,3
AGTACCATCGGACTTA-1,4
AGTACTGGTGGAAGTC-1,1
AGTAGTCTCAGCTAGT-1,4
AGTCAACCACGCTGCA-1,6
AGTCAACGTACCTGTA-1,5
AGTCAACTCAAAGGTA-1,4
AGTCAACTCTGGTCAA-1,1
AGTCACAAGTGGTTCT-1,3
AGTCTCCGTCATAACC-1,1
AGTCTCCTCAGCTTCC-1,2
AGTGTTGAGAGCCATG-1,1
AGTGTTGAGTACTGTC-1,6
AGTGTTGGTATTCCTT-1,1
AGTTCCCAGATCCGAG-1,5
AGTTCCCCAATGGCCC-1,6
ATACCGAGTTCTCACC-1,5
ATACCGATCCTGGCTT-1,2
ATACCTTTCGTAGTGT-1,3
ATACTTCCAAGCCATT-1,3
ATACTTCGTCTAGGTT-1,6
ATACTTCGTGTTACTG-1,2
ATACTTCTCACTTGTT-1,4
ATACTTCTCGTCTACC-1,4
ATAGACCGTAGCGTTT-1,1
ATAGACCGTGACAACG-1,7
ATAGAGATCTCATTTG-1,1
ATATCCTAGCAGCCCT-1,3
ATATCCTCACGACGAA-1,5
ATATCCTTCGTTGCCT-1,3
ATCACAGCAATGAACA-1,1
ATCACGAAGTCATCGT-1,6
ATCACGAGTGTGTGTT-1,4
ATCACGATCATTCTTG-1,1
ATCATTCAGCAGCCTC-1,2
ATCATTCTCTCGCTTG-1,6
ATCATTCTCTGTTCAT-1,1
ATCCACCGTGACAGCA-1,2
ATCCATTAGCGGTAGT-1,6
ATCCCTGAGGGACCAT-1,5
ATCCCTGCACAAGCCC-1,6
ATCCCTGGTACAGTAA-1,1
ATCCTATAGGTGCCTC-1,9
ATCGATGAGCGATGAC-1,4
ATCGATGTCGCTCTCA-1,4
ATCGCCTTCTTAGCAG-1,3
ATCGGATAGTAGCAAT-1,2
ATCGGATGTCTCGCGA-1,1
ATCGGATGTGAAAGTT-1,2
ATCGGCGGTTCAGGTT-1,1
ATCGTCCCAGTGCGCT-1,3
ATCGTCCGTGAGACCA-1,3
ATCGTGAAGAGGGTGG-1,7
ATCGTGACAGCACACC-1,1
ATCGTGATCGAATGCT-1,4
ATCTTCATCCTGTAGA-1,1
ATCTTCATCCTTGACC-1,4
ATGAAAGCATCGCTAA-1,1
ATGAAAGGTATGACAA-1,4
ATGAGTCGTTTACTTC-1,3
ATGAGTCTCACTGAAC-1,3
ATGATCGTCTCACGAA-1,1
ATGCATGAGCCTCCAG-1,4
ATGCATGTCAACTCTT-1,2
ATGGGAGCAAATTGCC-1,2
ATGGGTTCATATGCGT-1,6
ATGGGTTGTAGGTTTC-1,2
ATGGGTTGTATTCCGA-1,1
ATGTCCCCACGATAGG-1,3
ATGTCCCGTGGCTACC-1,1
ATGTCCCGTTCACGAT-1,1
ATGTCCCTCATAGCAC-1,1
ATGTCTTAGGAAGTGA-1,6
ATGTCTTTCTCACTCG-1,1
ATTACCTCAAGTGGAC-1,2
ATTACCTCAGATGCGA-1,5
ATTACTCGTGATGTAA-1,1
ATTATCCTCCGGCAGT-1,4
ATTCAGGAGTTCATGC-1,1
ATTCAGGGTCTTTATC-1,1
ATTCAGGTCATTTGTC-1,4
ATTCATCTCCTAGCCT-1,3
ATTCATCTCGGCTTGG-1,3
ATTCCATAGACATAAC-1,1
ATTCCTAAGAAATGGG-1,6
ATTCCTAAGATGGCGT-1,1
ATTCCTAAGTCTCTGA-1,2
ATTCGTTTCCAGTTCC-1,1
ATTCTTGAGGGAGGTG-1,3
ATTCTTGCATTGCAAC-1,5
ATTCTTGGTGCTTCAA-1,4
ATTCTTGTCGTTGTAG-1,1
ATTGTTCCAGTAACCT-1,1
ATTTCTGGTTTGGGAG-1,2
CAAAGAAAGACGATAT-1,2
CAAAGAACACACACGC-1,4
CAAAGAAGTGTCCGGT-1,2
CAACCAAGTAGACGTG-1,4
CAAGACTGTAGTCGGA-1,1
CAAGAGGCACGCAGTC-1,5
CAAGAGGGTTGTTGCA-1,1
CAAGGGACAGTAGATA-1,4
CAATACGTCTTTACAC-1,1
CAATCGATCCGATGCG-1,2
CAATGACAGTGGCAGT-1,4
CAATGACGTGGATCGA-1,1
CAATGACTCAACGCTA-1,1
CAATTTCAGTCACAGG-1,1
CAATTTCAGTGGACTG-1,3
CAATTTCTCCTAAACG-1,3
CAATTTCTCGACATTG-1,4
CACAACAAGCGCACAA-1,3
CACAACAGTCCGATCG-1,1
CACACAACAGAGGCTA-1,6
CACACAAGTTGAGGAC-1,4
CACAGATCAGGAAGTC-1,1
CACAGATGTGAGAACC-1,1
CACATGAAGAGCCGTA-1,6
CACCAAAGTACGGCAA-1,2
CACCGTTCAGGACATG-1,1
CACGAATGTCTTTCAT-1,4
CACGGGTAGAATGTTG-1,4
CACGTGGTCCCGAGGT-1,6
CACTAAGCAGGTCTCG-1,1
CACTAAGTCCCTCATG-1,1
CACTGAAAGCAGTACG-1,6
CACTGAATCAATCCAG-1,1
CACTGGGTCCTTCACG-1,1
CACTGTCAGCCGTCGT-1,1
CACTGTCAGTCACGCC-1,2
CACTTCGAGCGAACTG-1,6
CACTTCGGTAATCAAG-1,3
CACTTCGTCGGTCTGG-1,2
CAGAGCCGTAGCTTAC-1,6
CAGAGCCGTCCGTACG-1,2
CAGAGCCGTCTCGCGA-1,2
CAGAGCCGTCTTTCAT-1,2
CAGATACCATCGGCCA-1,5
CAGATACGTATGTCAC-1,5
CAGATCAAGGCCTAAG-1,4
CAGATCAGTTTACTTC-1,5
CAGATTGAGCATGAAT-1,1
CAGATTGTCCAACCAA-1,3
CAGCAATTCCATGATG-1,1
CAGCACGAGACATATG-1,4
CAGCACGAGTGATAGT-1,2
CAGCACGGTAGTGATA-1,2
CAGCACGGTCAGGAGT-1,6
CAGCCAGAGTGGATTA-1,1
CAGCCAGCATGTGCTA-1,2
CAGCGTGAGAGCCTGA-1,6
CAGCGTGGTGGGCTTC-1,5
CAGGGCTAGTCGGCAA-1,1
CAGGGCTGTAACAGTA-1,6
CAGGGCTGTCGTCAGC-1,5
CAGGGCTTCTGTCTCG-1,1
CAGGTATCAACACGTT-1,1
CAGGTATCAGCTGTAT-1,5
CAGTTAGTCACCATCC-1,2
CAGTTCCAGACCCTTA-1,4
CAGTTCCGTTATGGTC-1,6
CAGTTCCTCATGAGTC-1,4
CATAAGCGTCCCGGTA-1,1
CATAAGCTCTATCGTT-1,1
CATACCCTCCCTCTCC-1,3
CATACTTAGACATCAA-1,2
CATACTTAGGTTACAA-1,4
CATAGACCACTCTAGA-1,6
CATCAAGCACCTGCTT-1,4
CATCAAGCAGAGAGGG-1,1
CATCCACCACCGCTGA-1,3
CATCCACGTCATAGTC-1,1
CATCCCACAGTTGAAA-1,3
CATCCGTTCCTACTGC-1,6
CATCGCTCACGACTAT-1,6
CATCGCTCATCGTGGC-1,3
CATGAGTGTCGAAGCA-1,2
CATGAGTTCCAACTAG-1,2
CATGCAACAGAGATGC-1,6
CATGCAAGTGCATCTA-1,5
CATGCCTCAACTCCCT-1,3
CATGCCTCACTGGATT-1,2
CATGCTCGTGTGTGTT-1,6
CATGGATTCCGAGTGC-1,1
CATTCATAGTCAGCGA-1,3
CATTCCGCAGTGGTGA-1,2
CATTCCGCAGTTACCA-1,3
CATTCCGGTTCCGCGA-1,1
CATTCTACAAGCGAGT-1,6
CATTGAGAGGGAGAAT-1,1
CATTGCCCATTAAAGG-1,5
CATTGTTAGAAATTCG-1,1
CATTGTTCAGCCCAGT-1,2
CATTTCACAACACGTT-1,3
CATTTCATCCATGAGT-1,1
CCAATGAGTAAGGTCG-1,6
CCACAAAGTACACGTT-1,4
CCACAAATCCGGCTTT-1,3
CCACACTCAATTGGTC-1,3
CCACGAGAGACCATAA-1,1
CCACGTTAGGTAGATT-1,3
CCATAAGCAACAAGTA-1,4
CCATCACTCAGGAAGC-1,5
CCCAACTAGCCTATCA-1,3
CCCGAAGGTCATAGTC-1,2
CCCGGAAAGTTGAAGT-1,1
CCCGGAACATAAGCGG-1,5
CCCGGAATCGGCTGTG-1,6
CCCTCAATCCCATAAG-1,2
CCCTCTCGTGAGATAT-1,8
CCCTCTCTCCGAGGCT-1,5
CCCTCTCTCTTGTGCC-1,4
CCCTGATAGAGGGTCT-1,8
CCCTGATGTGGTATGG-1,2
CCCTGATGTTAGTTCG-1,2
CCGAACGTCTGTTCAT-1,6
CCGATCTTCGCGTGCA-1,1
CCGATCTTCGTGCGAC-1,1
CCGATGGTCCGCGATG-1,2
CCGATGGTCCTTACCG-1,3
CCGCAAGGTGTTGATC-1,2
CCGGACAGTCCAAATC-1,1
CCGGGTAAGAGAGGGC-1,4
CCGGGTAAGTCATCGT-1,1
CCGGTAGAGCTTTCTT-1,4
CCGGTAGAGGTAGACC-1,5
CCGGTAGCAGTTGAAA-1,3
CCGGTGACACGAGGTA-1,1
CCGGTGATCAGGTGTT-1,3
CCGTAGGCACACGGTC-1,1
CCGTTCACATTGCTGA-1,6
CCTAACCGTCGTTTCC-1,4
CCTAAGAAGAGTGAAG-1,4
CCTCACAGTACGGCAA-1,4
CCTCACATCGTGTGGC-1,1
CCTCAGTGTCTCCCTA-1,2
CCTCAGTTCCACGGAC-1,1
CCTCATGAGGTGGTTG-1,1
CCTCCAAGTCAAATCC-1,1
CCTCCAATCGGCTGGT-1,4
CCTCTAGAGGGTTTCT-1,5
CCTCTCCGTCGTACTA-1,3
CCTCTCCGTGGCTCTG-1,2
CCTGCATGTAGTTACC-1,1
CCTTCAGTCCGCGATG-1,4
CCTTGTGAGCTACTAC-1,3
CCTTGTGGTTCAACGT-1,4
CCTTTGGGTTCCGCAG-1,3
CGACAGCAGCCAAGGT-1,2
CGACAGCCAGCTTTGA-1,1
CGACAGCGTACATTGC-1,4
CGAGGAAAGAATCCCT-1,2
CGAGGCTTCCAAATGC-1,1
CGAGGCTTCCCATACC-1,1
CGAGTGCAGTCTTGGT-1,6
CGAGTTATCAGCTTGA-1,2
CGAGTTATCCGGTTCT-1,4
CGATCGGAGACTTCAC-1,5
CGATGGCGTGGAAATT-1,1
CGCAGGTCACCGGTCA-1,1
CGCATGGCACCCTAGG-1,5
CGCCAGATCAATCTCT-1,1
CGCCATTAGCTCGGCT-1,6
CGCGTGAAGTGGATTA-1,3
CGCGTGACACCCAAGC-1,1
CGCGTGACACCGGCTA-1,6
CGGACACGTCCTGTTC-1,2
CGGACACGTGTCATCA-1,5
CGGAGAAGTCGATTTG-1,3
CGGGACTAGGAAGTAG-1,2
CGGGCATTCCCGTGTT-1,3
CGGGCATTCTAGCCAA-1,2
CGGGTCATCAGCATTG-1,2
CGGGTCATCCGGCAAC-1,6
CGGTCAGCAAACCACT-1,1
CGTAAGTGTAAGACCG-1,6
CGTCCATCAGCATACT-1,3
CGTCCATGTAGTGCGA-1,3
CGTCCATTCCTCAGAA-1,6
CGTGAATCAAGGGTCA-1,1
CGTGCTTCAGGTGAGT-1,2
CGTGCTTGTGGGAGAG-1,2
CGTTAGAGTATTTCGG-1,2
CGTTCTGAGCAGCCTC-1,5
CGTTCTGGTGATTAGA-1,2
CGTTCTGTCGCTTAAG-1,4
CGTTCTGTCTGCAGCG-1,1
CGTTGGGAGCTCGTGC-1,3
CGTTGGGCACGCAAAG-1,6
CTAACCCCATTCAGCA-1,3
CTAACCCTCCGTAGGC-1,4
CTACAGACACACGCCA-1,1
CTACCCACACATGTTG-1,7
CTACCCATCTCTAGGA-1,2
CTACCTGAGTGGAAGA-1,1
CTACCTGCAAAGGGCT-1,5
CTACCTGTCCGTTTCG-1,1
CTACTATAGTCGTCTA-1,2
CTACTATTCCGCAAAT-1,1
CTAGACAAGTGCGTCC-1,2
CTAGACAAGTGGTTAA-1,1
CTAGGTACATGAAGCG-1,1
CTATCCGTCCTCTCTT-1,1
CTATCTATCCTGTAAG-1,4
CTCAACCCACATTCGA-1,4
CTCAACCGTCGTGTTA-1,5
CTCAACCTCCTCTAGC-1,3
CTCAAGAAGTGGATTA-1,5
CTCAAGACAAATCAGA-1,2
CTCAAGAGTCACGACC-1,1
CTCAATTTCCTATTGT-1,5
CTCAGAACAACACACT-1,5
CTCAGAATCGTTGTAG-1,1
CTCAGGGAGGTGCCAA-1,6
CTCAGGGTCACTCGAA-1,4
CTCAGTCTCTGTCGCT-1,4
CTCATCGCAGTCAGCC-1,2
CTCATGCAGTCTGTAC-1,1
CTCATTAAGGGACTGT-1,6
CTCCAACTCCGATTAG-1,2
CTCCCAACAATGTCTG-1,1
CTCCCAACACTTCAGA-1,1
CTCCCTCCACATATGC-1,3
CTCCCTCTCGGCAGTC-1,1
CTCCGATTCTTCCACG-1,1
CTCCTCCCAGAGACTG-1,1
CTCCTTTGTATGACAA-1,1
CTCGAGGCAAATTGGA-1,4
CTCTCAGCAAGTCATC-1,3
CTCTCAGCAGCTTCGG-1,1
CTCTCGAAGGCCACTC-1,5
CTCTGGTGTGAGGAAA-1,5
CTGAATGCAGGAAGTC-1,3
CTGAGGCTCGGACGTC-1,1
CTGATCCAGCCGTTGC-1,1
CTGCAGGAGAAGTCCG-1,1
CTGCATCTCAGCTAGT-1,3
CTGCCATAGAAGCGAA-1,2
CTGCCATAGAGTATAC-1,1
CTGCCATAGTGGATAT-1,3
CTGCCTAAGATGCAGC-1,6
CTGCCTAAGGGTCTTT-1,3
CTGCGAGAGAGGGTAA-1,4
CTGCTCAGTTAATGAG-1,1
CTGCTCATCACACGAT-1,1
CTGGCAGAGCGGTAAC-1,2
CTGGTCTAGTCGGGAT-1,1
CTGGTCTTCTAGAGCT-1,1
CTGTACCGTGACACGA-1,2
CTGTAGATCACCGGTG-1,1
CTGTCGTCACTCGATA-1,1
CTGTCGTCAGTTCCAA-1,2
CTGTCGTGTTGCCGAC-1,2
CTGTCGTTCGTCTAAG-1,1
CTGTGAAAGCTCATAC-1,2
CTTACCGCACGCTGCA-1,4
CTTAGGATCACAAGGG-1,3
CTTCAATGTCTCGACG-1,4
CTTCCGAGTCATTCCC-1,5
CTTCCGATCGAAGGAC-1,6
CTTCCGATCGCGGACT-1,1
CTTCCGATCGCTGTTC-1,5
CTTCCGATCTTCCGTG-1,5
CTTCGGTTCAGTGTCA-1,3
CTTCTAACACACCAGC-1,2
CTTCTCTGTCCGATCG-1,5
CTTGAGACATGACGTT-1,1
CTTGAGAGTTACACTG-1,3
CTTGATTGTTCTATCT-1,5
CTTTCAAAGATGAACT-1,2
CTTTCAAAGATTTGCC-1,1
CTTTCAAGTGACTGTT-1,2
CTTTCGGAGCTGCGAA-1,8
GAAACCTAGGGAGAAT-1,1
GAAATGAGTGGAAGTC-1,2
GAAATGATCGATGCTA-1,4
GAACTGTGTTCTATCT-1,4
GAACTGTGTTGGAGGT-1,1
GAACTGTTCTGGTGCG-1,1
GAAGAATGTATCGCGC-1,1
GAAGCCCAGGCACTCC-1,4
GAAGCGACAGCGACAA-1,1
GAAGGACCAACGACAG-1,5
GAAGGGTAGCGAGGAG-1,2
GAAGTAAGTTCACGAT-1,5
GAATCACGTCCGACGT-1,2
GACACGCTCACATTGG-1,6
GACAGCCCACCATTCC-1,4
GACAGCCTCAGAATAG-1,2
GACAGCCTCCTGGCTT-1,1
GACATCAAGCTACTGT-1,1
GACCAATAGTGCAAAT-1,5
GACCAATTCGCGAAGA-1,2
GACCCTTCAATCGAAA-1,4
GACCCTTCAGAGCTAG-1,5
GACCCTTGTACGATCT-1,2
GACCCTTGTCGTCATA-1,7
GACCCTTTCACTCACC-1,1
GACCGTGAGTACGTCT-1,2
GACCGTGTCTGACGCG-1,6
GACGTTATCAAGCTTG-1,5
GACTCAAGTGATACCT-1,1
GACTCTCAGCAAGGAA-1,2
GACTCTCCATACAGCT-1,1
GACTCTCCATGGGCAA-1,4
GACTCTCGTTCTTGCC-1,5
GACTGATAGGCGAACT-1,4
GACTGATAGTGGCCTC-1,6
GACTGATCAATGTCAC-1,1
GACTGATCAATTCGTG-1,3
GACTGATCAGTAGGAC-1,6
GACTGATTCTCCTACG-1,3
GACTTCCCATAATCGC-1,7
GAGACCCGTACACGCC-1,2
GAGCCTGGTAACTGCT-1,3
GAGCCTGGTTCTATCT-1,5
GAGCCTGTCACTAGCA-1,1
GAGCTGCCACTTGGCG-1,6
GAGGCAACACTTGTGA-1,3
GAGGGTACAGTAACCT-1,2
GAGGGTAGTCAGTTTG-1,3
GAGTCATCAGTGACCC-1,2
GAGTCTAAGCCGTCGT-1,2
GAGTCTAAGGCGAACT-1,6
GAGTCTACACTGGCCA-1,4
GAGTGAGGTAAGGCCA-1,2
GAGTGAGTCGGCTTCT-1,5
GAGTGTTCACGCGCTA-1,6
GAGTTACTCGTGCAGC-1,2
GAGTTGTAGATCCTAC-1,1
GAGTTGTGTAGGTACG-1,1
GAGTTTGAGGGTACAC-1,3
GAGTTTGCATCAGTGT-1,3
GATAGAAAGTAACAGT-1,6
GATAGAACAGATTTCG-1,3
GATAGCTGTTGGCCTG-1,3
GATAGCTTCCCGAGTG-1,5
GATCACATCGAGAGCA-1,2
GATCAGTTCATGCCGG-1,4
GATCATGAGCTTGTGT-1,6
GATCATGCACTGATTG-1,5
GATCATGTCAGCATTG-1,2
GATCCCTCAACGGCTC-1,1
GATCCCTCAATAGGAT-1,1
GATCCCTTCCAACTAG-1,7
GATCGTAAGTACCGGA-1,4
GATCGTACACTCAAGT-1,5
GATCGTACAGTTCCAA-1,3
GATGACTGTAGAATAC-1,6
GATGACTTCGCTTGAA-1,4
GATGAGGGTCAGTCTA-1,4
GATGATCCACCCGTAG-1,2
GATGATCGTGTTCGAT-1,3
GATGATCTCCCAGGAC-1,6
GATGCTAAGTCTGGAG-1,4
GATGCTATCCCGTAAA-1,1
GATGGAGCAGCAGGAT-1,1
GATGGAGCATCCGAGC-1,2
GATGGAGCATCGAAGG-1,3
GATGGAGCATCGGTTA-1,4
GATGTTGCATTACGGT-1,4
GATGTTGTCACCATGA-1,2
GATTCGAAGCTAAGTA-1,1
GATTCGATCATCCCGT-1,2
GATTCGATCTTCTAAC-1,6
GATTCTTAGTAGGGTC-1,2
GATTTCTCAATAGAGT-1,5
GATTTCTGTCACCGAC-1,5
GATTTCTTCACCTCGT-1,3
GCACATATCACTTGGA-1,5
GCACGGTTCCAACTAG-1,1
GCACGTGCACCCAACG-1,1
GCACGTGCAGAGTTCT-1,2
GCACGTGGTAAGATCA-1,2
GCACTAACACGTCATA-1,2
GCAGCTGTCATCGGGC-1,1
GCAGTTACAATCGTCA-1,6
GCAGTTACAGCGTTGC-1,5
GCAGTTACATGTGGTT-1,1
GCAGTTAGTAGGGAGG-1,1
GCAGTTATCTCCCTAG-1,3
GCATCTCAGTGACACG-1,2
GCATGATAGCAAATGT-1,1
GCATGATCACTGAGTT-1,1
GCATGATGTTCCGCAG-1,4
GCATGATTCGCTGCGA-1,6
GCCAACGAGGATCATA-1,1
GCCAACGGTCGTGATT-1,1
GCCAACGGTTAAGACA-1,1
GCCAACGTCACTCACC-1,2
GCCAACGTCCACAGCG-1,5
GCCAGTGAGCTTGTTG-1,4
GCCATTCTCACAGTGT-1,1
GCCATTCTCCGAACGC-1,5
GCCATTCTCGGATACT-1,1
GCCCAGATCACCGACG-1,2
GCCCAGATCTACTGCC-1,2
GCCCGAAAGTACCCTA-1,2
GCCCGAACACACGGAA-1,3
GCCGTGAAGGAGAGTA-1,2
GCCGTGAAGTGAATAC-1,1
GCCGTGATCATGCGGC-1,1
GCCTGTTAGCAGTAAT-1,1
GCGAGAATCCACGAAT-1,2
GCGAGAATCGTGGGAA-1,3
GCGAGAATCTTCCCGA-1,3
GCGATCGCAAGCGCAA-1,2
GCGATCGCATGATAGA-1,1
GCGGATCGTACCTAAC-1,5
GCGGATCGTGTTGCCG-1,1
GCGTGCAGTACGATGG-1,3
GCGTGCATCTTGAACG-1,5
GCGTTTCCACAGCTGC-1,2
GCGTTTCTCATACGAC-1,2
GCTACAAGTGGATTTC-1,1
GCTACAATCGTAGGAG-1,1
GCTCAAAGTGGTTTGT-1,1
GCTGAATAGGATACCG-1,1
GCTGAATCATTCAGCA-1,6
GCTGAATTCCGAAATC-1,3
GCTGGGTAGAAGCCAC-1,4
GCTGGGTAGGTGTGAC-1,5
GCTGGGTGTACCTATG-1,4
GCTGGGTTCCATCGTC-1,5
GCTGGGTTCCGGCAGT-1,1
GCTTCACGTCACTCAA-1,3
GCTTCACGTTCTGACA-1,2
GCTTCACTCCGTGTAA-1,2
GCTTGGGGTTTGGGTT-1,2
GCTTTCGAGGTTACCT-1,2
GCTTTCGCATGTCGTA-1,3
GCTTTCGGTTAGGCCC-1,1
GCTTTCGTCACTGGTA-1,3
GGAACCCCAGAGAATT-1,5
GGAACCCGTGGCGCTT-1,1
GGAACCCTCACGTAGT-1,1
GGAAGTGAGCTGACCC-1,1
GGAATCTAGTAAGGGA-1,2
GGAATGGGTAGCTAAA-1,5
GGAATGGTCAGGGATG-1,2
GGACGTCAGCTTCATG-1,1
GGACGTCCAGATTTCG-1,6
GGAGAACCAAGCTCTA-1,7
GGAGAACTCTACTTCA-1,5
GGAGATGTCACGAGGA-1,1
GGAGCAAAGAGCAAGA-1,3
GGAGCAATCCAGCTCT-1,5
GGAGGATAGGGCAGAG-1,5
GGAGGATGTGTTGCCG-1,4
GGAGGATGTTTACCTT-1,5
GGAGGTAAGAAGGATG-1,1
GGAGGTAAGCCAAGTG-1,1
GGAGGTAGTGAGCGAT-1,2
GGAGGTAGTTTCACAG-1,6
GGAGGTATCAAGCCTA-1,1
GGAGGTATCCGAGTGC-1,1
GGATCTAAGAAGTCAT-1,1
GGATCTACAATCCTAG-1,1
GGATCTAGTACTAACC-1,1
GGATCTAGTCATAAAG-1,1
GGCACGTAGCCTGGAA-1,5
GGCAGTCCACCAAAGG-1,1
GGCAGTCCACGGGCTT-1,4
GGCAGTCCACGTTGGC-1,2
GGCAGTCCAGTTACCA-1,9
GGCGTCACACGTCTCT-1,1
GGCTGTGCACAGTCCG-1,3
GGCTTGGCAAGTACCT-1,2
GGCTTGGTCATGCAGT-1,1
GGCTTTCAGTCACGAG-1,2
GGCTTTCCATACTGAC-1,2
GGCTTTCGTGTTGCCG-1,3
GGCTTTCTCGCTACGG-1,1
GGGAAGTCAGAGGTTG-1,1
GGGAAGTGTCCCGCAA-1,1
GGGAAGTTCGATTTCT-1,4
GGGACCTTCGAGCCAC-1,6
GGGACTCCAGGTGGAT-1,1
GGGACTCTCCTACGAA-1,2
GGGAGATAGACGAAGA-1,6
GGGAGATCATCACAGT-1,5
GGGATCCAGAGCACTG-1,1
GGGATCCTCGGAATGG-1,3
GGGATGATCGGCGATC-1,5
GGGCGTTCAGTTCCAA-1,3
GGGCGTTTCTCAGAAC-1,5
GGGCTACAGGCCTGAA-1,6
GGGCTACTCTCGACGG-1,3
GGGCTCAGTGTCATTG-1,4
GGGCTCATCCTACAAG-1,1
GGGTAGATCCTGTAGA-1,1
GGGTATTAGGTGAGCT-1,4
GGGTATTTCATTGTTC-1,6
GGGTCACCACTCATAG-1,1
GGGTCACGTGCACGCT-1,1
GGGTCTGTCGCACTCT-1,1
GGGTTATAGCGCGTTC-1,1
GGGTTATGTCACTTAG-1,1
GGGTTTATCGTGCATA-1,3
GGTAACTCAATGTCAC-1,6
GGTAACTGTAAGTTGA-1,2
GGTAACTTCAGCATTG-1,2
GGTAATCTCGAGCACC-1,3
GGTCACGGTAGCTGCC-1,1
GGTCACGGTATGGTTC-1,1
GGTCACGGTCTTCATT-1,6
GGTCACGGTGGCCTCA-1,1
GGTCTGGCACCCTGTT-1,1
GGTGAAGGTAGAAACT-1,5
GGTGATTAGCACTTTG-1,4
GGTGATTTCTACGCGG-1,3
GGTGGCTTCGGAGATG-1,1
GGTGGCTTCGTCCTTG-1,5
GGTGGCTTCTCGTGAA-1,5
GGTGTCGAGAACCGCA-1,1
GGTGTCGGTGTGATGG-1,6
GGTGTTAGTGTGTGGA-1,4
GGTTAACCAAGATGGC-1,1
GGTTAACCATTCAGCA-1,2
GGTTAACGTCGAACGA-1,5
GGTTCTCGTACATTGC-1,1
GTAACACTCGCAATGT-1,2
GTAAGTCAGAGCAGCT-1,1
GTAAGTCAGCGTCAGA-1,1
GTAAGTCCACCTGAAT-1,3
GTAAGTCGTTAGGCTT-1,6
GTAATCGGTAGTACGG-1,2
GTAATCGGTCATGGCC-1,6
GTAATCGTCGAATGCT-1,1
GTAATGCGTCACTACA-1,1
GTACAACGTCACCACG-1,1
GTACAGTTCCACCTGT-1,5
GTAGAAATCCTACCGT-1,2
GTAGAAATCGGTCTGG-1,4
GTAGAGGGTTCGGGTC-1,4
GTAGAGGTCCCTCTAG-1,6
GTAGCTACAAACTGCT-1,3
GTAGGAGAGCATATGA-1,1
GTAGGAGGTATTGAGA-1,2
GTAGGTTGTAACCCTA-1,1
GTAGTACAGATGTTCC-1,6
GTAGTACCAGACGATG-1,2
GTAGTACTCGTTCATT-1,3
GTATTGGCATCCAATG-1,1
GTATTTCAGACGCATG-1,1
GTATTTCAGCCTAGGA-1,4
GTCAAACAGCATAGGC-1,3
GTCAAACGTATGCTTG-1,2
GTCAAGTAGGTTGGTG-1,6
GTCAAGTGTTGACGGA-1,3
GTCACGGGTCTTGTCC-1,1
GTCACGGGTTAGGACG-1,1
GTCACGGTCATTACGG-1,2
GTCACGGTCCACGGGT-1,1
GTCACTCCATAATCCG-1,2
GTCATCCGTAAGCAAT-1,1
GTCATGAGTGAGCAGT-1,4
GTCATTTCATGACTTG-1,3
GTCATTTGTGGCTTGC-1,1
GTCCTCAAGAGTTGAT-1,2
GTCCTCAGTGGCAGAT-1,1
GTCGAATCAACCGTAT-1,1
GTCGAATGTTCTCCCA-1,2
GTCGTAAAGAGTCTGG-1,3
GTCGTAAAGTGTCATC-1,3
GTCGTAAGTGCCGAAA-1,2
GTCGTTCAGGAACGAA-1,5
GTCGTTCCATCGAAGG-1,1
GTCGTTCGTTGGTACT-1,2
GTCTACCCAGGGACTA-1,1
GTCTACCGTTCTGACA-1,2
GTCTACCTCTTTCGAT-1,3
GTCTAGAGTGTGCTTA-1,1
GTCTAGATCGTTATCT-1,1
GTCTCACGTGTCCAAT-1,5
GTCTGTCCAGTCGCTG-1,4
GTCTGTCGTGAGGAAA-1,1
GTCTTTACATAACCCA-1,4
GTCTTTAGTCATCTAG-1,6
GTGAGTTCATGACTAC-1,1
GTGATGTAGGCACAAC-1,1
GTGCACGAGTGATAGT-1,6
GTGCACGCATGGAATA-1,3
GTGCACGTCGCCAATA-1,5
GTGCAGCAGAAGTATC-1,6
GTGCAGCCAACTGCTA-1,3
GTGCAGCCAAGTGCTT-1,1
GTGCAGCGTCCCGCAA-1,1
GTGCGTGGTGCGTCGT-1,5
GTGCTGGCACAGCCTG-1,1
GTGCTGGTCCATTGCC-1,4
GTGCTTCGTCGCTCGA-1,2
GTGGAAGAGAGAGCAA-1,2
GTGGAAGAGGCTCAAG-1,1
GTGGAGACAGCGTACC-1,3
GTGGAGAGTGCGGTAA-1,3
GTGGAGATCCTATGGA-1,9
GTGGCGTAGCGTGTCC-1,3
GTGGCGTCACTTCATT-1,1
GTGGCGTGTATGTCTG-1,2
GTGGCGTTCCGGTAAT-1,2
GTGGTTAAGAACGTGC-1,2
GTGGTTACACTGCGTG-1,5
GTGGTTATCAATCAGC-1,1
GTGTCCTAGACAAGCC-1,3
GTGTCCTCATACTGTG-1,2
GTGTCCTTCCTTTAGT-1,6
GTGTGATCATCCCACT-1,2
GTGTGGCGTAAGATTG-1,1
GTTACAGCAAGCGGAT-1,1
GTTACAGGTGACGTCC-1,5
GTTACAGTCTGGGATT-1,3
GTTACCCTCCAAACCA-1,3
GTTACGAAGGTAGTAT-1,2
GTTAGACGTTAAACAG-1,1
GTTAGACTCCATGATG-1,1
GTTAGTGCAGAAATTG-1,1
GTTAGTGGTAGCGCTC-1,3
GTTATGGCACATTGTG-1,1
GTTATGGGTACTGCGC-1,5
GTTATGGTCCGCTTAC-1,6
GTTATGGTCCTACGGG-1,4
GTTATGGTCTGGAAGG-1,6
GTTCCGTCAAGGCAAC-1,1
GTTCCGTGTTCCTAGA-1,2
GTTCCGTTCCGTATAG-1,6
GTTCGCTTCTGGCCAG-1,4
GTTCTATTCTTGATTC-1,5
GTTGAACCAACGTAAA-1,1
GTTGAACGTACTCCCT-1,3
GTTGCGGGTTACAGCT-1,1
GTTGTAGCACTAAACC-1,5
GTTGTCCGTCGCTCGA-1,2
GTTGTCCTCATGGAGG-1,6
GTTGTGAAGACCCTTA-1,3
GTTGTGAAGTATCTGC-1,2
GTTGTGAGTGGTCAAG-1,6
GTTGTGAGTTCGCGTG-1,2
GTTGTGAGTTGTGCCG-1,6
GTTTACTCAGGTGTTT-1,1
GTTTACTCATGACACT-1,3
GTTTACTGTTATAGCC-1,2
GTTTACTTCGGTCTAA-1,5
GTTTGGAAGAACGTGC-1,1
GTTTGGATCATGCGGC-1,5
TAACACGAGAAATTGC-1,2
TAACACGAGATACGAT-1,4
TAACACGGTGCATTTG-1,4
TAACCAGAGAAACTAC-1,1
TAACCAGGTAGTTACC-1,2
TAACGACAGCGCCCAT-1,2
TAACGACCATCAGCTA-1,2
TAAGCACAGAACTGAT-1,4
TAAGCACGTAGGCTGA-1,1
TAAGCGTAGCTAGATA-1,1
TAATCTCGTCACGCTG-1,3
TAATTCCCAGCGTGAA-1,4
TACAACGAGTACAACA-1,3
TACAACGCACGCAAAG-1,4
TACACCCCAAATTGCC-1,3
TACACCCCAATGTCTG-1,1
TACACCCGTTCTCAGA-1,3
TACCCACGTCGCTCGA-1,2
TACCCGTGTCCTCCAT-1,1
TACCGAACATGAATAG-1,5
TACCGAATCGCCAGTG-1,2
TACCGAATCTGAATCG-1,1
TACCGGGAGGTAAGAG-1,1
TACCGGGCAACTTGGT-1,1
TACCGGGTCACTGATG-1,8
TACCGGGTCTTCACGC-1,1
TACCTCGTCATACGGT-1,4
TACCTCGTCGGTCATA-1,3
TACCTGCAGTAGGGTC-1,6
TACCTGCTCTTTCGAT-1,3
TACGCTCAGCAGTCTT-1,3
TACGGGCAGCTCCGAC-1,2
TACGGGCGTTACGGAG-1,1
TACTTACAGGCCTGCT-1,2
TACTTACGTGGAGGTT-1,1
TACTTGTCATGACTTG-1,6
TACTTGTGTCTACAAC-1,2
TAGACCACAAATCAGA-1,4
TAGACCACAACGTATC-1,8
TAGACCACATGGAAGC-1,6
TAGACCAGTGACCGAA-1,2
TAGACTGCAGGTTACT-1,3
TAGACTGGTTCCCACT-1,6
TAGACTGGTTGCTGAT-1,1
TAGATCGCACACCAGC-1,4
TAGCACACACCAAAGG-1,5
TAGGAGGGTATCACCA-1,3
TAGGAGGGTGACACGA-1,1
TAGGAGGGTGCGACAA-1,3
TAGGGTTTCCCATTCG-1,4
TAGGTACCACTCTGCT-1,2
TAGTGCACAGAGTGAC-1,1
TAGTGCACATTCTGTT-1,2
TATACCTAGTTTGGCT-1,2
TATACCTTCGCAGATT-1,7
TATATCCTCCCAGGCA-1,3
TATCAGGAGCGATGCA-1,3
TATCAGGTCACTGCTC-1,1
TATCCTAAGATGGTAT-1,6
TATCGCCCAGAATGTA-1,3
TATCTGTAGATGGTAT-1,5
TATCTTGCACAAGTTC-1,1
TATCTTGTCGCCACTT-1,6
TATGTTCTCGCGTCGA-1,3
TATTCCACAGCTGCCA-1,2
TATTCCATCCAAGCTA-1,3
TATTGCTAGGCGAAGG-1,1
TATTGCTCATGTGGTT-1,1
TATTGGGGTGGCTTGC-1,6
TATTGGGTCATTACCT-1,3
TATTTCGAGGATAATC-1,3
TATTTCGTCACGGGAA-1,4
TCAAGCAGTATCGTTG-1,3
TCAAGTGAGAAGGATG-1,2
TCAAGTGCATCAGTGT-1,5
TCAATCTAGATAGGGA-1,1
TCAATCTTCATCACTT-1,6
TCAATTCCATCTGGGC-1,1
TCACAAGAGACGGAAA-1,2
TCACAAGCAATTAGGA-1,3
TCACAAGTCGTAATGC-1,2
TCACACCTCTGCGGCA-1,3
TCACATTGTCCATACA-1,4
TCACGCTAGATTGGGC-1,1
TCACGCTTCCTAGAGT-1,2
TCACTCGAGCGTGTTT-1,1
TCACTCGAGTACTGTC-1,4
TCAGCAAAGAGCAGTC-1,3
TCAGCAACACTGAGTT-1,1
TCAGCCTAGCGATGCA-1,2
TCAGCCTTCGCCTAGG-1,1
TCAGGGCCATCAGCGC-1,4
TCAGGGCGTACTGCGC-1,4
TCAGGTACAATCGCGC-1,4
TCAGGTAGTTTGTTGG-1,9
TCAGTCCGTGCAGATG-1,3
TCAGTCCGTGGAACCA-1,5
TCAGTGATCTGCTGAA-1,5
TCATACTTCAGCACCG-1,1
TCATATCTCATTCCTA-1,2
TCATCATAGATGTTAG-1,1
TCATCATGTCCTCATC-1,1
TCATCATTCGTTAGAC-1,5
TCATCCGCATCCGGCA-1,5
TCATGGAAGTCACAGG-1,6
TCATGGAGTTCAAACC-1,1
TCATTACCAACCGTGC-1,2
TCATTACGTGAATTGA-1,1
TCATTACGTTTCCAAG-1,2
TCATTGTAGGAATGTT-1,5
TCATTTGAGGATTCAA-1,1
TCATTTGGTCCGTACG-1,3
TCATTTGTCTCTGAGA-1,1
TCCACCAAGTGCGCTC-1,5
TCCACCACAATAAGGT-1,5
TCCACCACAGTGTATC-1,1
TCCACCATCACGGACC-1,3
TCCATCGAGATCCGAG-1,5
TCCATGCAGCACACCC-1,6
TCCCACACAGGTTCGC-1,3
TCCCACAGTCAATCTG-1,1
TCCCATGAGCACTAGG-1,2
TCCCATGAGCTTAAGA-1,1
TCCGAAAAGCCATATC-1,1
TCCGAAACACGTACTA-1,1
TCCGAAAGTCTAGTGT-1,2
TCCGATCAGCATAGGC-1,3
TCCGATCTCCCGTAAA-1,1
TCCGATCTCCTTATAC-1,2
TCCGGGATCCTCAGGG-1,2
TCCGTGTTCACAAGGG-1,3
TCCGTGTTCTCCAAGA-1,1
TCCTAATAGCAATTCC-1,2
TCCTAATAGTGAGCCA-1,2
TCCTAATCAAGTCATC-1,1
TCCTAATTCACTAGCA-1,1
TCCTCGACACAGTCAT-1,2
TCCTCGAGTTGAGGAC-1,4
TCCTCTTTCCAACCGG-1,4
TCGAACACAAGGTTGG-1,1
TCGAACATCTCCCTAG-1,4
TCGACCTCACGGATCC-1,2
TCGACCTGTGCCCAGT-1,6
TCGACGGCATCGAGCC-1,6
TCGCACTGTAGTACGG-1,1
TCGCAGGTCACGACTA-1,1
TCGCTCAAGTCAATCC-1,6
TCGCTCACAATGCAGG-1,3
TCGCTTGGTGCCTATA-1,4
TCGCTTGTCCCGAGTG-1,5
TCGGATAAGGTTAAAC-1,2
TCGGGACAGAGCACTG-1,4
TCGGGACTCGGTCACG-1,4
TCGGGCACATGTCTAG-1,6
TCGGGCATCTCATTAC-1,3
TCGGGTGTCGAATCCA-1,2
TCGGTCTCAGGTCAAG-1,3
TCGTCCAAGGTCATAA-1,1
TCGTCCAGTAGGAGGG-1,2
TCGTCCAGTCTCAAGT-1,2
TCGTCCAGTTCTCGCT-1,1
TCGTCCATCTTCGGAA-1,5
TCGTGCTTCTCGGGAC-1,3
TCTAACTCATGAATCC-1,1
TCTACATAGTAATTGG-1,5
TCTACATCACCTGCAG-1,1
TCTACATTCCCAGTGG-1,1
TCTACCGAGATACTGA-1,5
TCTATACCATGCCGAC-1,2
TCTATACGTTGCAACT-1,2
TCTCCGACAGCACCCA-1,2
TCTGCCAGTCTAACGT-1,4
TCTGCCATCACCATAG-1,1
TCTGTCGAGGTAAGTT-1,1
TCTGTCGCATTCACCC-1,1
TCTTAGTCAAGCAGGT-1,2
TCTTCCTTCGAACACT-1,6
TCTTGCGAGCCACCGT-1,2
TCTTGCGCATGTTCGA-1,6
TCTTTGAAGAAATCCA-1,2
TCTTTGAAGACGCCAA-1,1
TCTTTGAAGGGCCTCT-1,2
TCTTTGAGTCTCAAGT-1,1
TGAACGTAGAGTCAGC-1,1
TGAACGTGTATCGAAA-1,1
TGAATGCCATGTGGTT-1,1
TGAATGCGTCCCTAAA-1,5
TGACAGTCACACAGAG-1,1
TGACCCTGTGTCCGGT-1,3
TGAGACTAGAGCAGTC-1,2
TGAGCATTCTCTATAC-1,1
TGAGGAGCAAGGTCTT-1,2
TGAGGAGCAGCTATAC-1,4
TGAGGGAGTTGCATAC-1,6
TGAGGTTGTGGCTAGA-1,6
TGAGTCAAGCTAATCC-1,2
TGAGTCATCCCGTTCA-1,2
TGATCAGGTCTGCATA-1,4
TGATCAGGTGTATTCG-1,4
TGATCAGTCTTACCAT-1,2
TGATGGTAGTCACGAG-1,5
TGATGGTCATCGGTTA-1,1
TGATGGTGTCATAAAG-1,1
TGATTCTTCTGGCTGG-1,4
TGATTTCAGCATGGGT-1,5
TGATTTCGTTCGAACT-1,2
TGATTTCTCCTCACCA-1,4
TGATTTCTCGAAACAA-1,2
TGCAGATAGTTGCTGT-1,2
TGCAGATCAAGTGATA-1,2
TGCAGATTCTAGATCG-1,4
TGCAGGCGTGGACTGA-1,1
TGCAGGCTCACCTCAC-1,6
TGCAGTAAGGCGTTGA-1,2
TGCATGAGTAAGCTCT-1,1
TGCATGATCTTCACAT-1,4
TGCCGAGAGTTTGGCT-1,3
TGCCGAGCAGGCCCTA-1,1
TGCCGAGGTAGTTAGA-1,1
TGCGACGGTAGGGTAC-1,5
TGCGGCAAGCACGTCC-1,4
TGCGGCAAGCCTCACG-1,4
TGCTCCAAGGTGTGAC-1,4
TGCTTCGTCTTAGTTC-1,3
TGCTTGCCAGCACACC-1,4
TGGAACTAGCCGGATA-1,3
TGGAACTAGCTACTAC-1,5
TGGAACTCACTACACA-1,6
TGGAGAGCAAGTAGTA-1,5
TGGAGAGGTCTTGCGG-1,5
TGGAGAGTCACTGCTC-1,4
TGGAGGACACCGTACG-1,4
TGGATCATCAATCAGC-1,6
TGGATGTTCCTGTTAT-1,6
TGGCGTGAGAAGCGGG-1,3
TGGGAAGTCGACATCA-1,6
TGGGAGACATCGCTGG-1,5
TGGGAGATCCCAAGTA-1,2
TGGGATTAGCGTATAA-1,1
TGGGATTTCAGTCTTT-1,4
TGGGATTTCGAGTGAG-1,4
TGGGATTTCTCGACCT-1,1
TGGGCTGCACACGGAA-1,6
TGGGCTGTCGAAATCC-1,4
TGGGTTATCAGTGCGC-1,3
TGGGTTATCCCTGGTT-1,3
TGGTAGTGTATGAAGT-1,5
TGGTGATTCCCATAAG-1,5
TGGTTAGAGAGAGCCT-1,1
TGGTTAGCAGTAGTTC-1,1
TGGTTAGTCTCGGTAA-1,1
TGTAACGAGCTAATGA-1,1
TGTAACGTCTCTCAAT-1,1
TGTAAGCTCCTTCTAA-1,1
TGTACAGCAACCTAAC-1,1
TGTACAGCATTGACCA-1,2
TGTCAGATCGCTGCGA-1,2
TGTCCTGAGCACTAGG-1,3
TGTGATGCACCATAAC-1,1
TGTGTGACAGCCGGTT-1,1
TGTGTGAGTCGGAAAC-1,1
TGTGTGATCAGGGATG-1,4
TGTTACTAGGGAGTGG-1,2
TGTTCATCATGACTCA-1,4
TGTTCATGTAGGGAGG-1,2
TGTTCATGTGGACCTC-1,1
TGTTCTAGTACCTTCC-1,4
TGTTGAGAGCACAAAT-1,5
TGTTGAGAGCGTTGTT-1,4
TGTTGAGGTGTTCAGT-1,4
TGTTGGAAGTGATAGT-1,5
TGTTGGAGTAGCGTTT-1,1
TGTTTGTAGTTCCGGC-1,1
TGTTTGTCAGGGTTGA-1,2
TGTTTGTGTTCCACGG-1,1
TTAATCCTCACGGGAA-1,6
TTACAGGCATGGACAG-1,1
TTACCATAGCGTTGTT-1,3
TTACCGCTCCCTTGTG-1,4
TTACGCCCAAATGGTA-1,2
TTACGCCGTAACAAGT-1,5
TTACGTTTCTGGAGAG-1,4
TTACTGTAGACCCGCT-1,2
TTAGGCAAGAGAAGGT-1,1
TTAGGCACATCGTCCT-1,2
TTAGTCTAGGACAGTC-1,3
TTAGTCTCAGACCATT-1,3
TTAGTCTGTTCCTAAG-1,1
TTCACCGCATTCCTCG-1,1
TTCACCGTCCTCTTTC-1,4
TTCAGGATCCTCATAT-1,1
TTCATGTCACCAGTAT-1,6
TTCCAATAGCATAGGC-1,1
TTCCAATAGTAATCCC-1,2
TTCCACGTCCGCGGAT-1,5
TTCCGTGAGCCTGTGC-1,3
TTCCTCTAGGACAAGA-1,1
TTCCTTCAGACGGATC-1,1
TTCCTTCAGCTCGACC-1,2
TTCGCTGTCACATTGG-1,1
TTCGGTCAGCCTCAAT-1,1
TTCGGTCAGGAGTATT-1,1
TTCGGTCTCAAGAATG-1,1
TTCTAACAGACTGGGT-1,2
TTCTCTCCAAGACGAC-1,1
TTCTGTACACACCTGG-1,5
TTCTTCCGTCTTTATC-1,1
TTCTTGAAGTGAGGCT-1,9
TTCTTGAGTAACCCTA-1,3
TTCTTGAGTCGAGATG-1,1
TTGACCCTCGATACGT-1,1
TTGAGTGAGGTGCGAT-1,2
TTGAGTGTCCGATGCG-1,3
TTGATGGAGCGACATG-1,1
TTGATGGCAAGATGGC-1,4
TTGATGGGTAAGCGGT-1,3
TTGATGGGTAGCTTTG-1,2
TTGCATTAGACGATAT-1,3
TTGCATTCAGAGGAAA-1,1
TTGCATTTCTGAGATC-1,5
TTGCCTGAGAGTGACC-1,1
TTGCCTGGTTCCCAAA-1,6
TTGCCTGTCCGACATA-1,4
TTGCGTCAGTATGAAC-1,2
TTGCGTCAGTTTCTTC-1,4
TTGGATGAGACCAGCA-1,1
TTGGATGAGAGAGCGG-1,3
TTGGATGAGTCATTGC-1,4
TTGGATGTCGACATAC-1,1
TTGGATGTCGTTGTAG-1,1
TTGGGCGGTAGGGTAC-1,5
TTGGGTACAACACGTT-1,5
TTGGTTTAGGTGCTAG-1,3
TTGTTCAAGAAACTCA-1,2
TTGTTCAAGACAGCTG-1,4
TTGTTCAAGCCAGAGT-1,1
TTGTTCAAGGTTGTTC-1,4
TTGTTGTGTGTTAGCT-1,1
TTGTTTGCACCCAATA-1,6
TTTACTGAGAAGGGAT-1,3
TTTACTGAGCTCACTA-1,5
TTTATGCTCATTTGGG-1,5
TTTCACAGTGGCTAGA-1,1
TTTCACATCAGCGGAA-1,5
TTTCACATCGCAAGAG-1,3
TTTCAGTAGACCTCCG-1,3
TTTCAGTTCTACCTTA-1,2
TTTCATGCACAAGCAG-1,3
TTTCATGTCGAACTCA-1,2
TTTCGATTCACACCGG-1,1
TTTGACTTCGTTCAGA-1,1
TTTGATCTCCATAGGT-1,4
TTTGGAGAGGCTAACG-1,3
TTTGGTTAGTAATCCC-1,1
TTTGTTGGTATGGAAT-1,4
